"Time (s), Position (m)"
0,0.49549999833106995
0.05,0.49619999527931213
0.1,0.4968999922275543
0.15,0.49729999899864197
0.2,0.4986000061035156
0.25,0.5
0.3,0.5013999938964844
0.35,0.5037999749183655
0.4,0.5059000253677368
0.45,0.5097000002861023
0.5,0.5148000121116638
0.55,0.521399974822998
0.6,0.5285999774932861
0.65,0.5361999869346619
0.7,0.5444999933242798
0.75,0.5530999898910522
0.8,0.5616999864578247
0.85,0.5706999897956848
0.9,0.5792999863624573
0.95,0.586899995803833
1.0,0.5938000082969666
1.05,0.6000000238418579
1.1,0.6065000295639038
1.15,0.6116999983787537
1.2,0.6161999702453613
1.25,0.6175000071525574
1.3,0.6193000078201294
1.35,0.6195999979972839
1.4,0.6193000078201294
1.45,0.6182000041007996
1.5,0.6172000169754028
1.55,0.6154999732971191
1.6,0.6123999953269958
1.65,0.6079000234603882
1.7,0.6031000018119812
1.75,0.5968999862670898
1.8,0.5903000235557556
1.85,0.5824000239372253
1.9,0.5738000273704529
1.95,0.5633999705314636
2.0,0.5521000027656555
2.05,0.5396000146865845
2.1,0.5289999842643738
2.15,0.5175999999046326
2.2,0.5062000155448914
2.25,0.49729999899864197
2.3,0.4903999865055084
2.35,0.48420000076293945
2.4,0.4803999960422516
2.45,0.47760000824928284
2.5,0.47620001435279846
2.55,0.47589999437332153
2.6,0.47589999437332153
2.65,0.47589999437332153
2.7,0.4754999876022339
2.75,0.4754999876022339
2.8,0.47589999437332153
2.85,0.47690001130104065
2.9,0.4779999852180481
2.95,0.478300005197525
3.0,0.4790000021457672
3.05,0.4796999990940094
3.1,0.47999998927116394
3.15,0.47999998927116394
3.2,0.4803999960422516
3.25,0.4803999960422516
3.3,0.4803999960422516
3.35,0.4803999960422516
3.4,0.48069998621940613
3.45,0.48069998621940613
3.5,0.48069998621940613
3.55,0.48069998621940613
3.6,0.4803999960422516
3.65,0.4803999960422516
3.7,0.4803999960422516
3.75,0.4803999960422516
3.8,0.48069998621940613
3.85,0.48069998621940613
3.9,0.48069998621940613
3.95,0.48069998621940613
